{
  "n_pairs": 3,
  "time_total_seconds": 22.304569754749537,
  "time_median_seconds_per_pair": 6.891841281205416,
  "time_mean_seconds_per_pair": 7.4348565849165125,
  "vram_peak_bytes": 17351284736,
  "disk_total_bytes_pairs": 962474900,
  "disk_median_bytes_per_pair": 306643128.0,
  "disk_total_bytes_run": 413893,
  "discard_hidden_states_after_metrics": true
}
