{
  "n_images": 3,
  "n_residual_ratio_finite": 3,
  "n_residual_ratio_finite_in_range": 3,
  "range": {
    "lo": 0.0,
    "hi": 1.0
  },
  "residual_ratio": {
    "median": 0.9716295795063682,
    "q25": 0.9712850816579176,
    "q75": 0.9761621535431939,
    "iqr": 0.004877071885276307,
    "min": 0.970940583809467,
    "max": 0.9806947275800195,
    "mean": 0.9744216302986183,
    "std": 0.005443573357090925
  },
  "model_id": "Qwen/Qwen2.5-VL-7B-Instruct",
  "prompt_key": "caption_long",
  "seed_global": 42
}
