{
  "n_pairs": 1,
  "time_total_seconds": 0.4927958771586418,
  "time_median_seconds_per_pair": 0.4927958771586418,
  "time_mean_seconds_per_pair": 0.4927958771586418,
  "vram_peak_bytes": 4599432704,
  "disk_total_bytes_pairs": 26506166,
  "disk_median_bytes_per_pair": 26506166.0,
  "disk_total_bytes_run": 9663,
  "discard_hidden_states_after_metrics": true
}
