{
  "n_images": 49,
  "n_residual_ratio_finite": 49,
  "n_residual_ratio_finite_in_range": 49,
  "n_head_tail_ratio_finite": 49,
  "range": {
    "lo": 0.0,
    "hi": 1.0
  },
  "residual_ratio": {
    "median": 0.9397981115412037,
    "q25": 0.9060523263283258,
    "q75": 0.9666930124680088,
    "iqr": 0.06064068613968299,
    "min": 0.30320993178128064,
    "max": 0.9872982894947232,
    "mean": 0.8918183725133788,
    "std": 0.1531921597495233
  },
  "head_tail_ratio": {
    "median": 0.3080406257519088,
    "q25": 0.23093708724102974,
    "q75": 0.5274042519744372,
    "iqr": 0.29646716473340745,
    "min": 0.06622503522219036,
    "max": 1.2093064969442742,
    "mean": 0.399635454004487,
    "std": 0.2628500519149999
  },
  "model_id": "Qwen/Qwen2.5-VL-7B-Instruct",
  "prompt_key": "caption_long",
  "seed_global": 42
}
