{
  "n_images": 50,
  "n_residual_ratio_finite": 50,
  "n_residual_ratio_finite_in_range": 50,
  "n_head_tail_ratio_finite": 50,
  "range": {
    "lo": 0.0,
    "hi": 1.0
  },
  "residual_ratio": {
    "median": 0.9640807857230322,
    "q25": 0.9473092015125787,
    "q75": 0.9768281289484356,
    "iqr": 0.029518927435856934,
    "min": 0.8589123895598256,
    "max": 0.989600464919201,
    "mean": 0.9590613089067994,
    "std": 0.024114439735482423
  },
  "head_tail_ratio": {
    "median": 0.4076610454805514,
    "q25": 0.30009226912797776,
    "q75": 0.60090491571604,
    "iqr": 0.3008126465880622,
    "min": 0.13205813402156472,
    "max": 4.17360284146356,
    "mean": 0.6152762876644658,
    "std": 0.6773036800346832
  },
  "model_id": "HuggingFaceTB/SmolVLM-Instruct",
  "prompt_key": "caption_long",
  "seed_global": 42
}
