{
  "n_pairs": 50,
  "time_total_seconds": 24.49208245240152,
  "time_median_seconds_per_pair": 0.49030385352671146,
  "time_mean_seconds_per_pair": 0.4898416490480304,
  "vram_peak_bytes": 4599453184,
  "disk_total_bytes_pairs": 1342628520,
  "disk_median_bytes_per_pair": 26857601.0,
  "disk_total_bytes_run": 171734,
  "discard_hidden_states_after_metrics": true
}
