{
  "n_pairs": 50,
  "time_total_seconds": 207.5416239015758,
  "time_median_seconds_per_pair": 4.091618684120476,
  "time_mean_seconds_per_pair": 4.150832478031516,
  "vram_peak_bytes": 17236318208,
  "disk_total_bytes_pairs": 9828308506,
  "disk_median_bytes_per_pair": 203511502.0,
  "disk_total_bytes_run": 2130187,
  "discard_hidden_states_after_metrics": true
}
