{
  "n_images": 50,
  "n_residual_ratio_finite": 50,
  "n_residual_ratio_finite_in_range": 50,
  "n_head_tail_ratio_finite": 50,
  "range": {
    "lo": 0.0,
    "hi": 1.0
  },
  "residual_ratio": {
    "median": 0.8339239242375408,
    "q25": 0.7781384905982762,
    "q75": 0.8744518526567664,
    "iqr": 0.09631336205849017,
    "min": 0.6030981634478347,
    "max": 0.9512627349723504,
    "mean": 0.8233299157259034,
    "std": 0.06840297300114294
  },
  "head_tail_ratio": {
    "median": 0.2399391863019372,
    "q25": 0.1590246438212833,
    "q75": 0.30921642556071804,
    "iqr": 0.15019178173943473,
    "min": 0.0961718145979244,
    "max": 0.5955390569965842,
    "mean": 0.2515279498890255,
    "std": 0.105874432125015
  },
  "model_id": "Qwen/Qwen2.5-VL-7B-Instruct",
  "prompt_key": "caption_medium",
  "seed_global": 42
}
