{
  "n_pairs": 50,
  "time_total_seconds": 50.75255762413144,
  "time_median_seconds_per_pair": 0.9689418924972415,
  "time_mean_seconds_per_pair": 1.015051152482629,
  "vram_peak_bytes": 4618728448,
  "disk_total_bytes_pairs": 2420707068,
  "disk_median_bytes_per_pair": 48892490.0,
  "disk_total_bytes_run": 1817974,
  "discard_hidden_states_after_metrics": true
}
