{
  "n_images": 50,
  "n_residual_ratio_finite": 50,
  "n_residual_ratio_finite_in_range": 50,
  "n_head_tail_ratio_finite": 50,
  "range": {
    "lo": 0.0,
    "hi": 1.0
  },
  "residual_ratio": {
    "median": 0.9312098398396085,
    "q25": 0.8904087973882501,
    "q75": 0.9452338529096308,
    "iqr": 0.05482505552138073,
    "min": 0.48717421263517985,
    "max": 0.9874253484343785,
    "mean": 0.9019205014894485,
    "std": 0.09435968135488684
  },
  "head_tail_ratio": {
    "median": 0.6044971177575615,
    "q25": 0.3777029339969511,
    "q75": 1.0863895132112997,
    "iqr": 0.7086865792143486,
    "min": 0.18899247941746916,
    "max": 3.5371651505992685,
    "mean": 0.8118838654705501,
    "std": 0.6247653983486005
  },
  "model_id": "HuggingFaceTB/SmolVLM-Instruct",
  "prompt_key": "caption_medium",
  "seed_global": 42
}
