{
  "n_images": 50,
  "n_residual_ratio_finite": 50,
  "n_residual_ratio_finite_in_range": 50,
  "n_head_tail_ratio_finite": 50,
  "range": {
    "lo": 0.0,
    "hi": 1.0
  },
  "residual_ratio": {
    "median": 0.5863479858452016,
    "q25": 0.49252521099035107,
    "q75": 0.7062397093851308,
    "iqr": 0.21371449839477974,
    "min": 0.25182512170585036,
    "max": 0.8599043969541714,
    "mean": 0.5857344955043918,
    "std": 0.13216341341782437
  },
  "head_tail_ratio": {
    "median": 0.5201091863978449,
    "q25": 0.3235146634434145,
    "q75": 0.646519765005528,
    "iqr": 0.3230051015621135,
    "min": 0.16776331900086436,
    "max": 1.6398100699064864,
    "mean": 0.549293524355432,
    "std": 0.29332499493863967
  },
  "model_id": "Qwen/Qwen2.5-VL-7B-Instruct",
  "prompt_key": "caption_short",
  "seed_global": 42
}
