{
  "n_pairs": 1,
  "time_total_seconds": 0.49157942831516266,
  "time_median_seconds_per_pair": 0.49157942831516266,
  "time_mean_seconds_per_pair": 0.49157942831516266,
  "vram_peak_bytes": 4599420416,
  "disk_total_bytes_pairs": 26507435,
  "disk_median_bytes_per_pair": 26507435.0,
  "disk_total_bytes_run": 9656,
  "discard_hidden_states_after_metrics": true
}
