{
  "n_pairs": 1,
  "time_total_seconds": 3.2389258109033108,
  "time_median_seconds_per_pair": 3.2389258109033108,
  "time_mean_seconds_per_pair": 3.2389258109033108,
  "vram_peak_bytes": 16961607168,
  "disk_total_bytes_pairs": 161973451,
  "disk_median_bytes_per_pair": 161973451.0,
  "disk_total_bytes_run": 16598,
  "discard_hidden_states_after_metrics": true
}
